test_loss,test_acc,test_dice,test_MIoU,epoch,step
0.3300420939922333,0.978179931640625,0.9094380736351013,0.833916962146759,0,0
